LocusName,He,FST,T1,T2,FSTNoCorr,T1NoCorr,T2NoCorr,meanAlleleFreq,indexOrder,GoodH,qvalues,pvalues,pvaluesRightTail,OutlierFlag
snp_49.004,0.243945642547041,0.0559202375181258,0.00689730477089701,0.123341836104708,0.0637817757439784,0.00786760111506842,0.123351866944708,0.857808857808858,98,goodH,0.00313721676096604,0.000582250929037631,0.000291125464518815,TRUE
snp_60.003,0.198152269551265,0.0576401172776577,0.0057784084636148,0.100249769371212,0.0669139772189046,0.00670885214712488,0.100260848718906,0.888489208633094,120,goodH,0.00198061138603586,0.00036013268597257,0.000180066342986285,TRUE
snp_119.002,0.214112815161737,0.0611313036559113,0.00662724332091954,0.108409978596599,0.0705187951380895,0.00764600451658664,0.108425058902584,0.87807881773399,238,goodH,0.00117127388044221,0.000206670681115684,0.000103335340557842,TRUE
snp_450.002,0.15104383679206,0.0784233344827761,0.00601564241204022,0.0767073021278051,0.0893811493590471,0.00685684378018077,0.0767146521313638,0.917705735660848,900,goodH,7.62580078425358e-05,1.09243932555625e-05,5.46219662778125e-06,TRUE
snp_495.004,0.124997138343902,0.0675695720063717,0.00428132111949409,0.0633616729004938,0.0788767371700256,0.00499825500355667,0.063367922950242,0.933014354066986,990,goodH,0.000345668356272931,5.65301029744614e-05,2.82650514872307e-05,TRUE
snp_568.002,0.108811402423196,0.085284492978153,0.00471905517740677,0.0553330976431511,0.0964147457111852,0.00533551849979705,0.055339237379517,0.942260442260442,1136,goodH,2.70920511020793e-05,3.60714547698038e-06,1.80357273849019e-06,TRUE
snp_698.002,0.119094408616862,0.0928933659174576,0.00563165580534624,0.0606249515207617,0.102695969323263,0.0062264700690845,0.0606301309595219,0.93640897755611,1396,goodH,1.10803756974636e-05,1.33520845224666e-06,6.67604226123331e-07,TRUE
snp_723.004,0.101093411254595,0.0897625044322831,0.00461880908403922,0.0514558847622579,0.10174944603631,0.00523621946052863,0.0514618964968126,0.946601941747573,1446,goodH,1.25924686073086e-05,1.55128976686569e-06,7.75644883432847e-07,TRUE
snp_780.002,0.160084019045858,0.0685542797446675,0.00556339028958036,0.0811530703889149,0.0791917588867999,0.00642726126923962,0.0811607338893308,0.0877403846153846,1560,goodH,0.00033019970904561,5.38227499442545e-05,2.69113749721273e-05,TRUE
snp_790.001,0.154847652285834,0.088607453516112,0.00698105172783035,0.0787862809595464,0.0994796328757926,0.00783847268745049,0.0787947488430861,0.915422885572139,1580,goodH,1.7539902785275e-05,2.22210543654455e-06,1.11105271827228e-06,TRUE
snp_1052.003,0.13145746579417,0.0605642770142905,0.00402899388237184,0.0665242628327121,0.0687558834401558,0.00457431488847443,0.0665297958458471,0.929268292682927,2104,goodH,0.00151643720931596,0.000271245567775136,0.000135622783887568,TRUE
snp_1142.002,0.119094408616862,0.101328971180427,0.00615656893064007,0.0607582299407504,0.112613372004815,0.00684327574065287,0.0607678787947161,0.93640897755611,2284,goodH,2.69368954634242e-06,2.76050850400722e-07,1.38025425200361e-07,TRUE
snp_1146.004,0.121267902562795,0.106887251746619,0.00661925494446266,0.0619274500588145,0.118276852079424,0.00732570676900333,0.0619369440445038,0.935162094763092,2292,goodH,1.1517213076335e-06,1.11833309279774e-07,5.5916654639887e-08,TRUE
snp_1176.002,0.175121735522753,0.0767188475628094,0.00681790365000493,0.08886869220009,0.0850289908586919,0.0075569616274654,0.0888751183702059,0.90303738317757,2352,goodH,0.000142035498048603,2.16236947716553e-05,1.08118473858276e-05,TRUE
snp_1550.001,0.132955342173449,0.0717185303932941,0.00483673656093159,0.0674405419967144,0.0820436185035215,0.00553365905673598,0.0674477693411154,0.928395061728395,3100,goodH,0.000220339063517043,3.44930070144134e-05,1.72465035072067e-05,TRUE
snp_1611.003,0.159047282710853,0.0798815148070815,0.00645280104918424,0.0807796530244591,0.0898585087174312,0.00725937665490645,0.0807867475047273,0.912887828162291,3222,goodH,7.12262567294305e-05,1.01347342584823e-05,5.06736712924116e-06,TRUE
snp_1712.004,0.109280204133268,0.0823617887559812,0.00457294264260404,0.0555226241643757,0.0914354694085543,0.00507718659323042,0.055527538996321,0.94199535962877,3424,goodH,5.6759739448013e-05,7.90836537079009e-06,3.95418268539505e-06,TRUE
snp_1737.001,0.123083737024221,0.109190966982416,0.00686435250557916,0.0628655711665652,0.120292142884458,0.00756318192593203,0.0628734491262371,0.934117647058823,3474,goodH,8.51092877504889e-07,8.10395071049186e-08,4.05197535524593e-08,TRUE
snp_1878.004,0.276659680311103,0.0497126705676067,0.00694724117466193,0.139747897172694,0.0589586315527877,0.00823995642267699,0.13975827127703,0.834170854271357,3756,goodH,0.00617041800950569,0.00121490477724517,0.000607452388622587,TRUE
snp_1923.001,0.136424416472487,0.0914881637200883,0.00635267663013223,0.0694371421593781,0.101837902821165,0.00707198801105218,0.0694435746921372,0.926365795724466,3846,goodH,1.24716821451442e-05,1.52970064326574e-06,7.64850321632871e-07,TRUE
snp_1961.003,0.193285735243777,0.0530427449143651,0.00518117332790973,0.0976792082739022,0.0611052233005605,0.00596918690042405,0.0976870155774276,0.108391608391608,3922,goodH,0.00456944300536532,0.000876333406020002,0.000438166703010001,TRUE
snp_2048.002,0.276700338279523,0.0509539891890708,0.00712178525011271,0.139768943775658,0.0585800786144523,0.00818826240559792,0.139778958978348,0.834140435835351,4096,goodH,0.00651774723637869,0.00128679731749903,0.000643398658749517,TRUE
snp_2077.003,0.142786281179138,0.0715891686564072,0.00518437216944017,0.0724183876798823,0.0815363056827905,0.00590530201866064,0.0724254302326951,0.922619047619048,4154,goodH,0.000236073816283399,3.73371977218095e-05,1.86685988609048e-05,TRUE
snp_2220.002,0.128942509628257,0.0860630506888177,0.00564352880673877,0.0655743523099635,0.0969214601245797,0.00635622086637457,0.0655811505336845,0.930730478589421,4440,goodH,2.52120698060329e-05,3.32971119165748e-06,1.66485559582874e-06,TRUE
snp_2224.001,0.363789342308082,0.0954731312328587,0.0176834776299146,0.185219416201869,0.103449903833014,0.0191623141905385,0.185232788823756,0.760969976905312,4448,goodH,9.92089172929372e-06,1.18477227317726e-06,5.9238613658863e-07,TRUE
snp_2230.003,0.178792833514305,0.0556494700164087,0.00503296110853078,0.0904404140245499,0.0667376215006969,0.00603640888539586,0.0904498654530686,0.900753768844221,4460,goodH,0.00203202198658624,0.000370027195584877,0.000185013597792438,TRUE
snp_2280.003,0.301179238754325,0.115555813492166,0.0177847125164114,0.153905822467487,0.122556752379393,0.0188637535829393,0.15391851706827,0.815294117647059,4560,goodH,5.99229264618294e-07,5.64127968782913e-08,2.82063984391456e-08,TRUE
snp_2282.002,0.37136822762574,0.0740869679275543,0.0139557617838247,0.188369995077559,0.0817632348501707,0.0154029736488024,0.188385081351392,0.753605769230769,4564,goodH,0.000229022815413337,3.60372122878427e-05,1.80186061439214e-05,TRUE
snp_2283.002,0.370146079881657,0.0716406022196917,0.0134448144328213,0.187670315662502,0.0793776682796944,0.0148980345474435,0.18768546456856,0.754807692307692,4566,goodH,0.000321301398314252,5.22858970060103e-05,2.61429485030051e-05,TRUE
snp_2286.003,0.345234603683959,0.0743633610731545,0.0130225970542835,0.175121146574758,0.0819915507080613,0.0143595947931272,0.175135055613913,0.778177458033573,4572,goodH,0.000221757522318952,3.47747076989702e-05,1.73873538494851e-05,TRUE
snp_2288.002,0.350525335127581,0.0615128147878828,0.0109129912920379,0.177410045852554,0.0695019852478915,0.01233137594168,0.177424801575062,0.773381294964029,4576,goodH,0.00135782321723482,0.000241778563307982,0.000120889281653991,TRUE
snp_2371.003,0.120707596253902,0.0911844145664301,0.0056009354408668,0.0614242627701072,0.100454433260856,0.006170865227678,0.0614294962140075,0.935483870967742,4742,goodH,1.51936068591051e-05,1.90442280834091e-06,9.52211404170455e-07,TRUE
snp_2450.002,0.135778799351,0.0870259695171888,0.00600885867388378,0.0690467306163932,0.0964402589716621,0.00665949189630957,0.0690530279296158,0.926744186046512,4900,goodH,2.70853908048799e-05,3.59264160620931e-06,1.79632080310466e-06,TRUE
snp_2513.001,0.12297521454592,0.0732185843745924,0.00456751304685893,0.0623818814017374,0.0824263719102284,0.0051423873469243,0.0623876464261334,0.934180138568129,5026,goodH,0.000208460603085252,3.24906943049985e-05,1.62453471524993e-05,TRUE
snp_2536.004,0.154449121788358,0.0607095842743119,0.00474673106209584,0.078187507274767,0.0708233255317357,0.00553808458930495,0.0781957716292686,0.0843373493975904,5072,goodH,0.00112088543013831,0.000197176677877886,9.8588338938943e-05,TRUE
snp_2683.004,0.1472,0.0744609533708616,0.0055628254278822,0.0747079533104538,0.0854307641525214,0.0063830445950549,0.0747159955593879,0.92,5366,goodH,0.000134082807777588,2.03047694862235e-05,1.01523847431118e-05,TRUE
snp_2715.001,0.274040772876079,0.0479660396537203,0.00663756587183394,0.138380527551416,0.0566877137959499,0.0078451515016657,0.138392448316132,0.836124401913876,5430,goodH,0.0085433020965132,0.00171427765319754,0.000857138826598769,TRUE
snp_2754.003,0.148413412686892,0.0753963205240011,0.00567824009983226,0.0753118993124431,0.0847925497946089,0.00638641884506022,0.075318160151215,0.919277108433735,5508,goodH,0.000146616035223072,2.24393519538957e-05,1.12196759769478e-05,TRUE
snp_2756.002,0.166363768326317,0.0692367429322111,0.00583826307196272,0.0843231906168505,0.0782221832693678,0.00659646840233166,0.0843298937286869,0.908433734939759,5512,goodH,0.000379018602142914,6.25958396724968e-05,3.12979198362484e-05,TRUE
snp_3001.002,0.175206059255959,0.077600544941652,0.00690344765782514,0.0889613296274641,0.0877066840306986,0.00780331667809025,0.0889706042855181,0.902985074626866,6002,goodH,9.65831715401284e-05,1.42103692017947e-05,7.10518460089737e-06,TRUE
snp_3002.003,0.175206059255959,0.077600544941652,0.00690344765782514,0.0889613296274641,0.0877066840306986,0.00780331667809025,0.0889706042855181,0.902985074626866,6004,goodH,9.65831715401284e-05,1.42103692017947e-05,7.10518460089737e-06,TRUE
snp_3037.003,0.160084019045858,0.0904746362130144,0.00737056877872206,0.0814655807111368,0.10038428366011,0.00817868035476766,0.0814737133798731,0.912259615384615,6074,goodH,1.5330377222184e-05,1.92568964330064e-06,9.62844821650322e-07,TRUE
snp_3074.004,0.24685650887574,0.0562948204240836,0.00702753988402654,0.124834573253565,0.064848193742449,0.00809599196231296,0.124845296300264,0.855769230769231,6148,goodH,0.00267608184685339,0.000494507294055424,0.000247253647027712,TRUE
snp_3125.002,0.117966497593672,0.109100243621184,0.00656999721960612,0.0602198217120243,0.118078289921084,0.00711126318463866,0.0602249845368813,0.937054631828979,6250,goodH,1.18555314462525e-06,1.1543730260577e-07,5.77186513028849e-08,TRUE
snp_3192.001,0.37320361583723,0.083356645787183,0.0158047931195013,0.189604475686946,0.090784621761989,0.0172144922353159,0.189619033501592,0.751789976133652,6384,goodH,6.22793696518537e-05,8.76117731474224e-06,4.38058865737112e-06,TRUE
snp_3198.002,0.182706118931341,0.0535771750325932,0.00494799029347342,0.0923525790686679,0.061145347234204,0.00564755249502958,0.0923627512228829,0.898305084745763,6396,goodH,0.00455435325364352,0.00087098943425179,0.000435494717125895,TRUE
snp_3204.001,0.276210077365602,0.0556340026686877,0.0077688124402079,0.139641443497654,0.0632659414129682,0.00883523174434669,0.139652260711253,0.834507042253521,6408,goodH,0.00338502549211218,0.00063006392005005,0.000315031960025025,TRUE
snp_3230.003,0.122016289848458,0.0889305182878703,0.00551995916857207,0.0620704711368467,0.0986031504508465,0.00612089939217471,0.0620761036963618,0.934731934731935,6460,goodH,1.99785665461029e-05,2.55255146397459e-06,1.2762757319873e-06,TRUE
snp_3271.002,0.103732897085069,0.0893176881702086,0.0047151591693735,0.0527908778873457,0.098206513221229,0.00518513004057592,0.0527982296743945,0.945121951219512,6542,goodH,2.10500433566206e-05,2.71775813809327e-06,1.35887906904664e-06,TRUE
snp_3394.002,0.13265306122449,0.0781013919617331,0.00526095618968582,0.0673605944470682,0.0885826092236732,0.00596755630188372,0.0673671316998069,0.928571428571429,6788,goodH,8.59011603574905e-05,1.23845546193824e-05,6.19227730969119e-06,TRUE
snp_3445.001,0.175434064823342,0.0645622017140754,0.00573556352344337,0.0888377931850015,0.0728123652306917,0.00646897826839317,0.0888445011763796,0.902843601895735,6890,goodH,0.000840833053541362,0.000144972082662287,7.24860413311434e-05,TRUE
snp_3482.001,0.149816407625371,0.0972065840765563,0.00741758949763514,0.0763074802813082,0.10557750332327,0.00805698050918026,0.0763134214730423,0.918439716312057,6964,goodH,7.42948863244964e-06,8.45309719776921e-07,4.22654859888461e-07,TRUE
snp_3571.001,0.201359548849261,0.0841508981749566,0.00861196978858735,0.102339606294901,0.0936846680577467,0.00958845752090471,0.102348204030508,0.88641975308642,7142,goodH,4.06916887022323e-05,5.54919831285972e-06,2.77459915642986e-06,TRUE
snp_3780.001,0.161256633001105,0.0804248398592489,0.00658857300691711,0.081922115337099,0.0903246976649456,0.00740041731571462,0.0819312713690563,0.911547911547912,7560,goodH,6.64433687954098e-05,9.41843688573307e-06,4.70921844286654e-06,TRUE
snp_3781.003,0.117456187480758,0.0987492747844688,0.00591180421919542,0.0598668114991081,0.108656322703106,0.00650563528961116,0.0598735087638411,0.0626535626535627,7562,goodH,4.816956196337e-06,5.18261874082881e-07,2.59130937041441e-07,TRUE
snp_3826.002,0.211865309819383,0.0695517493339194,0.00747042688483487,0.107408181050475,0.0790064272945102,0.00848674634984614,0.107418429619787,0.87956204379562,7652,goodH,0.00033931311331263,5.53995080103675e-05,2.76997540051838e-05,TRUE
snp_3925.004,0.1166833018327,0.0637185942092525,0.00376448839983866,0.0590799035439488,0.0718853295503915,0.00424732314580864,0.0590847002075893,0.93778801843318,7850,goodH,0.000958549353964714,0.000167330746458694,8.36653732293469e-05,TRUE
snp_4222.001,0.135938929107311,0.0751462380578219,0.00518405972964052,0.0689862841257815,0.0843877733951884,0.00582219259166475,0.0689933192620142,0.926650366748166,8444,goodH,0.000155660803006925,2.3907377963317e-05,1.19536889816585e-05,TRUE
snp_4427.004,0.118543307329027,0.0761972950868192,0.0045849969680059,0.0601726998679121,0.0859010607204926,0.00516943098398211,0.060178895820653,0.936724565756824,8854,goodH,0.000125448362525342,1.88622448256126e-05,9.4311224128063e-06,TRUE
snp_4699.003,0.109315653101661,0.135801519210907,0.00761903962346504,0.056104229670894,0.147570311021985,0.00828035637698888,0.05611126194452,0.941975308641975,9398,goodH,1.28401284548579e-08,1.01193720070114e-09,5.0596860035057e-10,TRUE
snp_4841.004,0.120212043728467,0.116085964449438,0.00713396425670429,0.0614541498667701,0.125968448607619,0.00774204140436413,0.0614601631594269,0.935768261964736,9682,goodH,3.51002161749639e-07,3.26664892913442e-08,1.63332446456721e-08,TRUE
snp_4850.002,0.101175800181673,0.139161585830379,0.00722937171193694,0.0519494777872729,0.151032956594753,0.00784692994703247,0.0519550840025406,0.946555819477435,9700,goodH,7.54727552882068e-09,5.7856430757397e-10,2.89282153786985e-10,TRUE
snp_4898.003,0.200067281814687,0.0540668111631252,0.0054684947494878,0.101143282391647,0.0630771623759406,0.00638043500177539,0.101152854082876,0.887254901960784,9796,goodH,0.00346912695538469,0.000648517307409779,0.00032425865370489,TRUE
snp_4980.004,0.112274448652261,0.0499721426329044,0.00283416180576054,0.0567148346345744,0.0586698335704746,0.00332774192147342,0.0567198118514537,0.940298507462687,9960,goodH,0.00643829890995665,0.00126938009291644,0.000634690046458219,TRUE
snp_5213.003,0.199052719070611,0.0532673896761686,0.00535952153349535,0.100615434059709,0.0626410548099665,0.00630318567285996,0.100623875060563,0.887909319899244,10426,goodH,0.00368176404204081,0.000693219171095549,0.000346609585547775,TRUE
snp_5214.004,0.199052719070611,0.0532673896761686,0.00535952153349535,0.100615434059709,0.0626410548099665,0.00630318567285996,0.100623875060563,0.887909319899244,10428,goodH,0.00368176404204081,0.000693219171095549,0.000346609585547775,TRUE
snp_5259.004,0.187757287328971,0.0612498823581285,0.00582162196598286,0.0950470717958902,0.0707583006853993,0.00672601492878167,0.0950561964268533,0.895121951219512,10518,goodH,0.00113047034689366,0.00019916684683019,9.9583423415095e-05,TRUE
snp_5260.004,0.183890541344438,0.0621859008698975,0.0057899094234622,0.0931064653316767,0.0717830218768053,0.00668411105043155,0.0931154871398822,0.897560975609756,10520,goodH,0.000970842267262522,0.000169998949309358,8.49994746546789e-05,TRUE
snp_5557.003,0.161382702843888,0.0495965233249383,0.00404403964707374,0.0815387728002358,0.0599124711391498,0.00488570674079662,0.0815474082090406,0.911471321695761,11114,goodH,0.00540388989308093,0.00105089992630836,0.000525449963154179,TRUE
snp_5568.001,0.13875,0.0646450694259737,0.00454251423394363,0.070268533614081,0.0736008500135225,0.00517222043187071,0.0702739225283463,0.925,11136,goodH,0.00074885265037432,0.000128307598463717,6.41537992318586e-05,TRUE
snp_5578.004,0.259859383450514,0.0526240680350293,0.00691023623875992,0.131313227897169,0.06060683061688,0.00795912766926008,0.131323938048715,0.846511627906977,11156,goodH,0.00488206408591883,0.000945480432658519,0.000472740216329259,TRUE
snp_5853.004,0.13121107266436,0.06968151720949,0.00463572937333544,0.0665273885957249,0.0801541799532708,0.0053329408955654,0.0665335344791059,0.929411764705882,11706,goodH,0.000287040456569939,4.63245207853458e-05,2.31622603926729e-05,TRUE
snp_5939.004,0.150818841058873,0.0479102267795712,0.00364954187686134,0.076174589898153,0.0581535500266758,0.00443024071350726,0.0761817758584823,0.0821596244131455,11878,goodH,0.00690656779617527,0.00137285063993908,0.000686425319969541,TRUE
snp_6004.002,0.125470251745729,0.0799962341471391,0.00509765721009777,0.0637237148028933,0.0893865762973278,0.00569655010593057,0.0637293690160149,0.932741116751269,12008,goodH,7.62580078425358e-05,1.09150804967761e-05,5.45754024838807e-06,TRUE
snp_6157.003,0.100500066749733,0.0880390666758736,0.0045005426436823,0.051119835927516,0.0979291704661709,0.00500660123961759,0.0511247181588972,0.946933962264151,12314,goodH,2.17667252379633e-05,2.83956233304572e-06,1.41978116652286e-06,TRUE
snp_6218.002,0.26195,0.05527370159191,0.00731998554283574,0.132431614529451,0.0630121965729106,0.00834552293190587,0.132442977483722,0.845,12436,goodH,0.00349872162127525,0.000654990802022359,0.00032749540101118,TRUE
snp_6270.003,0.499987985390234,0.0975063975877573,0.0248240503979419,0.254588939926735,0.103963919289819,0.0264696006448158,0.254603720460239,0.497549019607843,12540,goodH,9.20604716752649e-06,1.09201438158735e-06,5.46007190793674e-07,TRUE
snp_6365.001,0.119021329698831,0.10395347714527,0.00631070260970651,0.0607069891552313,0.113655228959899,0.0069002676579449,0.0607122762506555,0.936450839328537,12730,goodH,2.31807845444286e-06,2.33816939143594e-07,1.16908469571797e-07,TRUE
snp_6402.001,0.146952290686934,0.0681124572204884,0.00507425589950846,0.0744982064452977,0.0786756680015203,0.00586187796306364,0.0745068724799435,0.92014742014742,12804,goodH,0.000354913648018191,5.83284563793196e-05,2.91642281896598e-05,TRUE
snp_6719.001,0.100949551896858,0.0753252690232431,0.00385952312539475,0.051238092813234,0.0847995167057333,0.00434547903271451,0.0512441485697844,0.946682464454976,13438,goodH,0.000146616035223072,2.24148859799822e-05,1.12074429899911e-05,TRUE
snp_6867.004,0.150431122078676,0.0616560362553326,0.00469531345495137,0.0761533458866369,0.0702865336709345,0.00535310906352504,0.0761612329409653,0.918072289156627,13734,goodH,0.00120667426599692,0.000214215335924139,0.00010710766796207,TRUE
snp_6871.001,0.116103813351632,0.0767291448393801,0.00452168216641523,0.0589304386994099,0.0864573203605872,0.00509536359796872,0.0589350164534074,0.938118811881188,13742,goodH,0.000115801326123536,1.72871375967443e-05,8.64356879837214e-06,TRUE
snp_7036.001,0.104938271604938,0.0964026944263893,0.0051516576037709,0.0534389379303561,0.104424153014581,0.00558073697692249,0.0534429709584833,0.944444444444444,14072,goodH,8.6559511197756e-06,1.01512110561863e-06,5.07560552809316e-07,TRUE
snp_7037.004,0.104938271604938,0.0964026944263893,0.0051516576037709,0.0534389379303561,0.104424153014581,0.00558073697692249,0.0534429709584833,0.944444444444444,14074,goodH,8.6559511197756e-06,1.01512110561863e-06,5.07560552809316e-07,TRUE
snp_7061.004,0.166885014325505,0.0640436773007735,0.005413155154068,0.0845228659910604,0.0731949165390782,0.006187279612823,0.0845315481645459,0.908114558472554,14122,goodH,0.000794955820060188,0.000136634516472389,6.83172582361946e-05,TRUE
snp_7218.003,0.152456944140723,0.0645869715308283,0.00498802654391035,0.0772296087846368,0.0745362560830371,0.00575699829220088,0.0772375565226579,0.916859122401848,14436,goodH,0.000653934106557249,0.000110988995551065,5.54944977755323e-05,TRUE
snp_7267.003,0.320854091321985,0.170916815568128,0.0283014822291873,0.165586294918455,0.177221280956105,0.0293475375042432,0.16559826983483,0.200712589073634,14534,goodH,1.44287240514812e-10,8.30535640261587e-12,4.15267820130794e-12,TRUE
snp_7268.003,0.372500061879656,0.129955099819458,0.0247965747310704,0.190808785230586,0.137600235479786,0.0262571305513094,0.19082184314406,0.752487562189055,14536,goodH,5.91738113569889e-08,5.04551356250715e-09,2.52275678125358e-09,TRUE
snp_7285.004,0.135633551457466,0.0836880897885669,0.00576899152473614,0.0689344390499432,0.0925304626842137,0.00637918903327043,0.0689415015143847,0.926829268292683,14570,goodH,4.81431057982283e-05,6.65600739457872e-06,3.32800369728936e-06,TRUE
snp_7370.002,0.183753633217993,0.0713616137318128,0.00665002843351133,0.0931877529914485,0.0807308154011175,0.0075238679353351,0.0931969768662952,0.897647058823529,14740,goodH,0.000264108703131087,4.23394824744516e-05,2.11697412372258e-05,TRUE
snp_7546.004,0.105188271110399,0.0814311280633636,0.00435333704809321,0.0534603554147718,0.093331990038324,0.00499014410442266,0.0534665992054129,0.944303797468354,15092,goodH,4.28486048184055e-05,5.8663914725976e-06,2.9331957362988e-06,TRUE
snp_7753.004,0.142506008652459,0.0843987121962021,0.00611322669197176,0.0724327010791387,0.0937426394696549,0.00679064349646547,0.0724392180002959,0.922784810126582,15506,goodH,4.04012181581022e-05,5.4987192914524e-06,2.7493596457262e-06,TRUE
